,Tense : ['Pres'],Mood : ['Imp'],ratio_stem,POS : NOUN,Person : [],POS : AUX,nb_phrase,POS : SPACE,Tense : ['Fut'],sect 4,POS : PROPN,sect 1,POS : DET,Number : [],n_stop,Mood : ['Ind'],POS : VERB,mean_par,POS : PRON,Person : ['3'],Mood : ['Cnd'],VerbForm : ['Inf'],POS : X,Person : ['1'],Tense : [],n_par,Mood : [],ratio_stop,POS : ADP,Gender : [],lg_phrase,n_stem,POS : SCONJ,Gender : ['Fem'],n_pos,POS : PUNCT,Tense : ['Past'],sect 5,Voice : [],Person : ['2'],sect 0,POS : INTJ,Gender : ['Masc'],nb_mot,Mood : ['Sub'],POS : CCONJ,VerbForm : ['Part'],Tense : ['Imp'],sect 6,n_paragraphe,n_tok,ratio_tok,Number : ['Sing'],sect 2,punct,sect 3,POS : ADJ,Number : ['Plur'],POS : ADV,POS : SYM,POS : NUM,Voice : ['Pass'],VerbForm : ['Fin'],lab_y
nourriture,20,0,0.037333333333333336,0.30666666666666664,47,0.016,23,0.0,0,0,0.005333333333333333,12,0.010666666666666666,10,255,20,0.17866666666666667,0.8056375247742787,0.005333333333333333,19,0,6,0.013333333333333334,1,6,78,47,0.40476190476190477,0.021333333333333333,30,189.1304347826087,255,0.0026666666666666666,15,14,0.008,39,0,61,0,1,0.0,22,630,0,0.0026666666666666666,41,2,0,10,303,0.48095238095238096,35,12,5.434782608695652,7,0.3413333333333333,22,0.048,0.0,0.04,6,20,0
pain,265,0,0.0036036036036036037,0.2713963963963964,522,0.022072072072072072,420,0.0018018018018018018,8,1,0.01981981981981982,11,0.016666666666666666,199,3209,251,0.17612612612612613,0.04577443115369622,0.009684684684684685,254,7,142,0.014414414414414415,6,142,111,522,0.42008116245581884,0.027702702702702704,455,108.66428571428571,1998,0.0013513513513513514,127,16,0.0006756756756756757,341,0,759,0,1,0.00022522522522522523,200,7639,2,0.002702702702702703,380,26,0,24,2260,0.2958502421782956,429,32,3.8095238095238093,26,0.3222972972972973,154,0.0891891891891892,0.0,0.023873873873873873,23,260,0
céréale,135,0,0.006381039197812215,0.24293527803099363,246,0.02415679124886053,160,0.0,7,2,0.021422060164083864,12,0.018687329079307202,79,1426,136,0.1763901549680948,0.048769520071948326,0.014129443938012761,140,3,60,0.014585232452142206,1,60,77,246,0.3941404090657822,0.03600729261622607,218,143.26875,1124,0.004102096627164996,68,14,0.011850501367365542,174,0,368,0,1,0.0,101,3618,2,0.005013673655423883,186,11,0,20,1273,0.35185185185185186,199,21,4.38125,7,0.31814038286235186,109,0.09845031905195989,0.0,0.014129443938012761,19,141,0
fromage,191,0,0.004131012097964001,0.2779580997344349,430,0.020655060489820007,240,0.0,5,1,0.015048686928297432,9,0.024786072587784008,157,2240,225,0.1947477131897315,0.393159977388355,0.009737385659486574,227,3,117,0.010917674830333431,3,118,224,429,0.398080682424027,0.02508114488049572,377,150.09166666666667,1631,0.002360578341693715,90,14,0.0076718796105045735,293,0,627,0,1,0.0,193,5627,3,0.0038359398052522867,312,53,0,21,1860,0.3305491380842367,349,37,4.15,19,0.2944821481262909,154,0.08999704927707289,0.0,0.022720566538802008,33,231,0
œuf,20,0,0.057777777777777775,0.25333333333333335,39,0.008888888888888889,32,0.008888888888888889,1,0,0.022222222222222223,5,0.02666666666666667,14,138,17,0.24888888888888888,0.02396972245584525,0.0044444444444444444,16,0,6,0.03111111111111111,1,6,6,39,0.38227146814404434,0.013333333333333334,31,70.28125,189,0.0,6,13,0.008888888888888889,29,0,54,0,1,0.0,19,361,0,0.0,33,0,0,3,216,0.5983379501385041,36,0,3.46875,0,0.29777777777777775,6,0.04888888888888889,0.0,0.02666666666666667,2,17,0
fruit,6,0,0.14285714285714285,0.27380952380952384,11,0.0,7,0.011904761904761904,0,0,0.03571428571428571,6,0.011904761904761904,3,42,4,0.17857142857142858,0.051605504587155966,0.011904761904761904,4,0,1,0.047619047619047616,0,1,3,11,0.336,0.011904761904761904,7,114.42857142857143,75,0.0,2,12,0.011904761904761904,8,0,15,0,1,0.0,6,125,0,0.0,10,0,0,0,97,0.776,11,0,4.571428571428571,0,0.32142857142857145,1,0.05952380952380952,0.0,0.023809523809523808,0,4,0
maïs,533,1,0.0018404101485473905,0.27343236492704087,916,0.01748389641120021,514,0.0,9,7,0.016300775601419744,17,0.017878270014460365,296,5048,456,0.18312080978046535,0.08623866129997536,0.013540160378598658,469,7,178,0.028789273037991323,6,178,232,916,0.39895676914565714,0.02892073090574471,752,149.78599221789884,2755,0.002760615222821086,255,14,0.007230182726436178,654,0,1316,2,1,0.0,386,12653,13,0.004075193900354936,738,19,0,20,3178,0.25116573144708765,709,37,3.6459143968871595,18,0.2828973314052846,388,0.08899697646904167,0.0,0.03457341921914026,77,477,0
viande,185,0,0.004349086691794723,0.3076253986662801,372,0.022035372571759932,198,0.00028993911278631486,5,8,0.01304726007538417,11,0.020585677007828356,124,2406,163,0.15743693824296898,0.08478933706070288,0.013337199188170484,168,2,79,0.014496955639315743,3,79,102,372,0.41100102494021185,0.03566251087271673,286,183.24747474747474,1577,0.0017396346767178893,123,15,0.0136271383009568,266,0,508,0,1,0.0,134,5854,6,0.004059147579008408,293,8,0,15,1798,0.3071404168090195,308,18,4.5,9,0.27776167004928964,111,0.08263264714409974,0.0,0.03566251087271673,35,171,0
noisette,94,0,0.01012292118582791,0.27187274041937814,149,0.018799710773680405,119,0.0,1,0,0.01373825018076645,16,0.023138105567606652,53,946,70,0.15979754157628345,0.09690020161290322,0.006507592190889371,71,1,26,0.049168474331164135,1,27,72,148,0.40618291112065263,0.038322487346348515,125,118.31932773109244,749,0.0014461315979754157,41,14,0.005784526391901663,96,0,212,0,1,0.0,55,2329,2,0.0072306579898770785,122,3,0,11,848,0.36410476599398883,101,4,2.7815126050420167,0,0.30007230657989875,67,0.0824295010845987,0.0,0.021691973969631236,9,73,0
pommedeterre,0,0,0.0,0.0,0,0.0,0,0.0,0,0,0.0,0,0.0,0,0,0,0.0,0.0,0.0,0,0,0,0.0,0,0,0,0,0.0,0.0,0,0.0,0,0.0,0,0,0.0,0,0,0,0,0,0.0,0,0,0,0.0,0,0,0,0,0,0.0,0,0,0.0,0,0.0,0,0.0,0.0,0.0,0,0,0
riz,197,1,0.004375,0.2659375,347,0.0265625,270,0.0,1,0,0.01375,10,0.0284375,114,2098,168,0.165,0.059192240058993706,0.0128125,177,6,73,0.008125,3,73,82,347,0.395998489996225,0.06375,290,121.04074074074074,1470,0.0015625,114,14,0.0040625,246,0,495,1,1,0.0,124,5298,6,0.005625,274,11,0,14,1680,0.3171007927519819,294,21,3.637037037037037,4,0.27875,120,0.09625,0.0,0.029375,33,181,0
soja,141,0,0.005777961205117622,0.2422616591002889,338,0.03012794056954189,179,0.0,1,0,0.015683037556747832,11,0.01650846058605035,108,1726,101,0.1832439125051589,0.04688322430257914,0.012794056954189021,105,3,56,0.03012794056954189,1,56,60,338,0.41600385635092796,0.03177878662814693,212,139.7094972067039,1167,0.0012381345439537762,82,14,0.008666941807676434,238,0,426,0,1,0.0,150,4149,2,0.002888980602558811,282,8,0,13,1349,0.32513858761147263,224,17,3.4078212290502794,3,0.30375567478332643,112,0.08584399504746182,0.0,0.035080478745357,18,106,0
épice,94,0,0.009186351706036745,0.25393700787401574,170,0.01968503937007874,103,0.0,0,0,0.01706036745406824,8,0.022965879265091863,45,1053,90,0.17519685039370078,0.034829947901422464,0.02821522309711286,95,5,34,0.005905511811023622,2,34,39,170,0.4086146682188591,0.025590551181102362,142,157.90291262135923,836,0.0013123359580052493,56,14,0.015748031496062992,129,0,251,0,1,0.0,69,2577,2,0.0026246719160104987,136,10,0,20,957,0.3713620488940629,146,25,4.834951456310679,0,0.31167979002624674,76,0.1036745406824147,0.0,0.016404199475065617,16,97,0
légume,139,0,0.005470887065259867,0.26221180148495504,299,0.02032043767096522,148,0.0,2,2,0.016412661195779603,10,0.028526768268855023,96,1597,127,0.16764361078546308,0.03848183193218193,0.01875732708089097,127,1,75,0.008206330597889801,3,75,51,299,0.3846339113680154,0.03321610003907777,224,182.26351351351352,1257,0.0031262211801484957,72,14,0.025400547088706527,208,0,404,0,1,0.0,133,4152,2,0.0027354435326299334,224,5,0,17,1404,0.33815028901734107,175,24,5.364864864864865,5,0.3048065650644783,158,0.09730363423212192,0.0,0.011332551778038297,25,130,0
blé,296,0,0.0032119914346895075,0.26595289079229123,565,0.025267665952890792,364,0.00021413276231263382,6,0,0.013062098501070664,13,0.020770877944325482,201,3251,269,0.1809421841541756,0.08051404551598985,0.014561027837259101,276,7,129,0.009207708779443255,4,129,139,565,0.4105316327819169,0.03618843683083512,464,134.73076923076923,2027,0.003854389721627409,165,15,0.00556745182012848,396,0,802,0,1,0.0,216,7919,4,0.005781584582441114,436,18,0,22,2325,0.2935976764743023,430,33,3.71978021978022,2,0.2929336188436831,214,0.10321199143468951,0.0,0.022483940042826552,43,280,0
boisson,85,1,0.00813953488372093,0.29011627906976745,239,0.020348837209302327,135,0.0,2,0,0.013953488372093023,7,0.025,88,1173,78,0.1872093023255814,0.033111884424760096,0.011046511627906977,78,2,62,0.005232558139534884,4,64,20,238,0.40546145869339784,0.03488372093023256,170,134.15555555555557,803,0.0005813953488372093,65,14,0.004069767441860465,155,0,307,1,1,0.0,87,2893,3,0.0017441860465116279,176,16,0,9,960,0.33183546491531285,151,14,3.6222222222222222,11,0.2982558139534884,83,0.09476744186046511,0.0,0.012790697674418604,15,84,0
bière,137,0,0.00691699604743083,0.2534584980237154,210,0.01432806324110672,125,0.0,1,0,0.017786561264822136,11,0.025197628458498024,81,1381,131,0.16897233201581027,0.08687081088185045,0.012351778656126482,130,1,59,0.037549407114624504,2,59,75,210,0.4059376837154615,0.02816205533596838,210,164.696,1036,0.001976284584980237,62,14,0.008893280632411068,136,0,332,0,1,0.0,70,3402,0,0.0014822134387351778,151,9,0,16,1178,0.3462669018224574,190,12,4.08,4,0.29693675889328064,71,0.08646245059288538,0.0,0.046442687747035576,10,132,0
café,428,1,0.002297794117647059,0.2643995098039216,755,0.025122549019607844,450,0.00015318627450980392,6,0,0.013939950980392158,11,0.023131127450980393,286,4313,383,0.17846200980392157,0.04542049999293396,0.014552696078431373,399,14,197,0.012714460784313725,10,197,116,755,0.397914936802288,0.03201593137254902,688,148.47555555555556,2786,0.0026041666666666665,169,15,0.007659313725490196,493,0,1117,1,1,0.0,308,10839,12,0.0033700980392156864,558,41,0,15,3168,0.2922778854137836,643,33,3.9355555555555557,14,0.29901960784313725,236,0.09053308823529412,0.0,0.03232230392156863,48,410,0
eaupotable,0,0,0.0,0.0,0,0.0,0,0.0,0,0,0.0,0,0.0,0,0,0,0.0,0.0,0.0,0,0,0,0.0,0,0,0,0,0.0,0.0,0,0.0,0,0.0,0,0,0.0,0,0,0,0,0,0.0,0,0,0,0.0,0,0,0,0,0,0.0,0,0,0.0,0,0.0,0,0.0,0.0,0.0,0,0,0
lait,147,0,0.005744768157570784,0.2708247845711941,281,0.020927369716865,163,0.0,6,0,0.00943783340172343,10,0.020927369716865,96,1705,261,0.22527697989331144,0.05652929673354096,0.01764464505539598,264,4,68,0.01107919573245794,3,68,54,281,0.4116368903911154,0.038161674189577346,360,157.82822085889572,1256,0.004103405826836274,66,14,0.012310217480508822,196,0,525,1,1,0.0,123,4142,3,0.003282724661469019,213,132,0,16,1434,0.3462095605987446,352,17,4.208588957055214,2,0.2712351251538777,101,0.0791957324579401,0.0,0.015592942141977841,24,268,0
thé,415,0,0.00261437908496732,0.26062091503267976,696,0.024509803921568627,399,0.000326797385620915,14,8,0.018300653594771243,9,0.017320261437908498,248,4275,374,0.17712418300653596,0.04164993231885998,0.01715686274509804,375,4,155,0.03480392156862745,13,156,95,696,0.4113741339491917,0.04084967320261438,630,159.64661654135338,2534,0.003431372549019608,165,16,0.0032679738562091504,472,0,1034,0,1,0.0,289,10392,10,0.003431372549019608,541,27,0,38,2841,0.27338337182448036,544,28,4.458646616541353,31,0.2681372549019608,292,0.09428104575163399,0.0001633986928104575,0.03627450980392157,50,388,0
vin,467,1,0.0021216407355021216,0.2946251768033946,795,0.02164073550212164,544,0.0004243281471004243,8,0,0.018104667609618104,13,0.022347949080622348,297,4934,422,0.17623762376237623,0.23541185527328715,0.01640735502121641,438,16,206,0.007920792079207921,10,206,176,795,0.4113037679226409,0.033663366336633666,740,135.20404411764707,2993,0.0024045261669024044,208,15,0.008628005657708628,526,0,1198,3,1,0.0,298,11996,12,0.0029702970297029703,589,39,0,33,3394,0.28292764254751585,672,38,3.954044117647059,40,0.2900990099009901,277,0.0736916548797737,0.0,0.030834512022630836,48,451,0
langage,61,0,0.016129032258064516,0.3027295285359802,84,0.02729528535980149,54,0.0,2,0,0.009925558312655087,6,0.028535980148883373,47,511,51,0.1687344913151365,0.11468962585034014,0.02109181141439206,50,0,28,0.02729528535980149,2,28,17,84,0.3880030372057707,0.02977667493796526,96,152.12962962962962,486,0.0,12,13,0.008684863523573201,43,0,132,0,1,0.0,28,1317,1,0.0037220843672456576,56,2,0,12,568,0.4312832194381169,71,6,3.240740740740741,5,0.2704714640198511,18,0.09181141439205956,0.0,0.009925558312655087,4,52,0
nompersonnel,0,0,0.0,0.0,0,0.0,0,0.0,0,0,0.0,0,0.0,0,0,0,0.0,0.0,0.0,0,0,0,0.0,0,0,0,0,0.0,0.0,0,0.0,0,0.0,0,0,0.0,0,0,0,0,0,0.0,0,0,0,0.0,0,0,0,0,0,0.0,0,0,0.0,0,0.0,0,0.0,0.0,0.0,0,0,0
alphabet,42,0,0.015706806282722512,0.2418848167539267,80,0.02198952879581152,39,0.0020942408376963353,3,0,0.05130890052356021,8,0.02198952879581152,26,457,53,0.13926701570680627,0.11682199002165114,0.018848167539267015,52,0,18,0.02198952879581152,1,19,33,79,0.33652430044182624,0.040837696335078534,79,238.76923076923077,541,0.0010471204188481676,19,15,0.009424083769633508,57,0,125,0,1,0.0,35,1358,1,0.0020942408376963353,61,12,0,5,614,0.4521354933726068,80,4,7.102564102564102,0,0.3162303664921466,27,0.09214659685863874,0.0,0.018848167539267015,8,54,0
lettre,6,0,0.11688311688311688,0.4155844155844156,11,0.0,9,0.0,0,0,0.012987012987012988,2,0.025974025974025976,8,38,5,0.2077922077922078,0.007802340702210663,0.025974025974025976,5,0,6,0.012987012987012988,0,6,1,11,0.33043478260869563,0.012987012987012988,13,82.11111111111111,64,0.0,2,9,0.0,3,0,16,0,1,0.0,1,115,0,0.0,5,1,0,0,80,0.6956521739130435,7,0,3.4444444444444446,0,0.2077922077922078,1,0.07792207792207792,0.0,0.0,0,5,0
alphabetarabe,0,0,0.0,0.0,0,0.0,0,0.0,0,0,0.0,0,0.0,0,0,0,0.0,0.0,0.0,0,0,0,0.0,0,0,0,0,0.0,0.0,0,0.0,0,0.0,0,0,0.0,0,0,0,0,0,0.0,0,0,0,0.0,0,0,0,0,0,0.0,0,0,0.0,0,0.0,0,0.0,0.0,0.0,0,0,0
écrituresbrahmiques,0,0,0.0,0.0,0,0.0,0,0.0,0,0,0.0,0,0.0,0,0,0,0.0,0.0,0.0,0,0,0,0.0,0,0,0,0,0.0,0.0,0,0.0,0,0.0,0,0,0.0,0,0,0,0,0,0.0,0,0,0,0.0,0,0,0,0,0,0.0,0,0,0.0,0,0.0,0,0.0,0.0,0.0,0,0,0
caractèreschinois,0,0,0.0,0.0,0,0.0,0,0.0,0,0,0.0,0,0.0,0,0,0,0.0,0.0,0.0,0,0,0,0.0,0,0,0,0,0.0,0.0,0,0.0,0,0.0,0,0,0.0,0,0,0,0,0,0.0,0,0,0,0.0,0,0,0,0,0,0.0,0,0,0.0,0,0.0,0,0.0,0.0,0.0,0,0,0
alphabetcyrillique,0,0,0.0,0.0,0,0.0,0,0.0,0,0,0.0,0,0.0,0,0,0,0.0,0.0,0.0,0,0,0,0.0,0,0,0,0,0.0,0.0,0,0.0,0,0.0,0,0,0.0,0,0,0,0,0,0.0,0,0,0,0.0,0,0,0,0,0,0.0,0,0,0.0,0,0.0,0,0.0,0.0,0.0,0,0,0
alphabetlatin,0,0,0.0,0.0,0,0.0,0,0.0,0,0,0.0,0,0.0,0,0,0,0.0,0.0,0.0,0,0,0,0.0,0,0,0,0,0.0,0.0,0,0.0,0,0.0,0,0,0.0,0,0,0,0,0,0.0,0,0,0,0.0,0,0,0,0,0,0.0,0,0,0.0,0,0.0,0,0.0,0.0,0.0,0,0,0
alphabetgrec,0,0,0.0,0.0,0,0.0,0,0.0,0,0,0.0,0,0.0,0,0,0,0.0,0.0,0.0,0,0,0,0.0,0,0,0,0,0.0,0.0,0,0.0,0,0.0,0,0,0.0,0,0,0,0,0,0.0,0,0,0,0.0,0,0,0,0,0,0.0,0,0,0.0,0,0.0,0,0.0,0.0,0.0,0,0,0
grammaire,22,0,0.03051643192488263,0.2934272300469484,43,0.028169014084507043,31,0.0,0,0,0.009389671361502348,10,0.018779342723004695,17,264,20,0.14788732394366197,0.03534846354689697,0.011737089201877934,20,0,10,0.004694835680751174,0,10,6,43,0.3826086956521739,0.011737089201877934,37,152.41935483870967,287,0.0,10,13,0.004694835680751174,27,0,56,0,1,0.0,16,690,0,0.002347417840375587,33,4,0,5,346,0.5014492753623189,31,1,3.935483870967742,0,0.392018779342723,15,0.06572769953051644,0.0,0.009389671361502348,7,20,0
mot,44,0,0.02681992337164751,0.2662835249042146,65,0.028735632183908046,39,0.0,6,0,0.009578544061302681,7,0.03065134099616858,30,299,45,0.21264367816091953,0.10739260739260739,0.019157088122605363,46,1,23,0.011494252873563218,0,23,15,65,0.3646341463414634,0.028735632183908046,76,135.28205128205127,328,0.0019157088122605363,9,14,0.007662835249042145,36,0,102,0,1,0.0,26,820,0,0.0038314176245210726,42,2,0,5,390,0.47560975609756095,61,4,5.512820512820513,0,0.23946360153256704,20,0.09003831417624521,0.0,0.04980842911877394,9,46,0
écriture,129,0,0.006440532417346501,0.279089738085015,285,0.030485186775440102,190,0.0017174753112924003,5,0,0.010734220695577501,8,0.021897810218978103,99,1595,119,0.1790468012022327,0.04530768938386104,0.013310433662516101,129,8,60,0.015027908973808502,3,60,40,285,0.40688775510204084,0.043366251610133105,226,130.40526315789472,1171,0.0030055817947617003,81,15,0.0030055817947617003,198,0,394,0,1,0.0,110,3920,5,0.0055817947617003,225,25,0,21,1359,0.3466836734693878,227,15,3.8210526315789473,7,0.28681837698583085,91,0.0785744954916273,0.0,0.028338342636324603,23,132,0
languesspécifiques,0,0,0.0,0.0,0,0.0,0,0.0,0,0,0.0,0,0.0,0,0,0,0.0,0.0,0.0,0,0,0,0.0,0,0,0,0,0.0,0.0,0,0.0,0,0.0,0,0,0.0,0,0,0,0,0,0.0,0,0,0,0.0,0,0,0,0,0,0.0,0,0,0.0,0,0.0,0,0.0,0.0,0.0,0,0,0
arabe,83,0,0.006407322654462242,0.24393592677345538,193,0.021510297482837528,125,0.0,3,4,0.02562929061784897,8,0.022425629290617848,47,1244,80,0.12631578947368421,0.08029257067718606,0.016018306636155607,81,2,30,0.02379862700228833,2,30,70,193,0.36278798483522895,0.02288329519450801,129,176.584,1074,0.002288329519450801,34,14,0.019221967963386728,154,0,250,0,1,0.0,113,3429,1,0.0036613272311212816,163,6,0,20,1208,0.35228929717118695,163,15,5.936,9,0.36613272311212813,66,0.0874141876430206,0.0,0.018764302059496567,26,83,0
bengali,113,0,0.009324009324009324,0.23135198135198135,186,0.013986013986013986,136,0.0005827505827505828,4,0,0.008741258741258742,8,0.026223776223776224,38,1063,106,0.17424242424242425,0.08756390140203472,0.011655011655011656,113,5,25,0.04836829836829837,0,25,75,186,0.38320115356885365,0.038461538461538464,150,130.38970588235293,790,0.0017482517482517483,56,16,0.008741258741258742,154,0,287,0,1,0.0,93,2774,2,0.0017482517482517483,161,3,0,10,934,0.33669790915645276,182,16,3.1838235294117645,6,0.31585081585081587,79,0.09557109557109557,0.0005827505827505828,0.022144522144522144,12,113,0
langueschinoises,0,0,0.0,0.0,0,0.0,0,0.0,0,0,0.0,0,0.0,0,0,0,0.0,0.0,0.0,0,0,0,0.0,0,0,0,0,0.0,0.0,0,0.0,0,0.0,0,0,0.0,0,0,0,0,0,0.0,0,0,0,0.0,0,0,0,0,0,0.0,0,0,0.0,0,0.0,0,0.0,0.0,0.0,0,0,0
anglais,145,0,0.005998286203941731,0.26135389888603255,235,0.024850042844901457,119,0.0,6,0,0.017994858611825194,10,0.030419880034275922,80,1394,128,0.1610968294772922,0.08970878119537323,0.027849185946872322,133,11,45,0.024850042844901457,7,45,122,235,0.3739270386266094,0.02570694087403599,219,203.21008403361344,1152,0.0021422450728363325,51,14,0.013710368466152529,164,0,364,1,1,0.0,106,3728,2,0.0038560411311053984,190,16,0,22,1318,0.35354077253218885,199,20,6.764705882352941,10,0.2879177377892031,97,0.0921165381319623,0.0,0.026135389888603255,12,141,0
français,372,0,0.0023873945567404104,0.25481457902275984,596,0.022759828107591914,355,0.0001591596371160274,14,1,0.02610218048702849,12,0.02053159318796753,249,3999,329,0.15183829380869013,0.13040504997369806,0.022600668470475888,349,18,163,0.010027057138309725,9,163,181,596,0.38908347927612374,0.027057138309724654,596,184.50422535211268,2325,0.003501512016552602,127,15,0.016075123348718766,376,0,894,0,1,0.0,231,10278,11,0.003819831290784657,433,29,0,35,2700,0.2626970227670753,483,22,4.985915492957746,13,0.30494986471430846,222,0.09103931243036766,0.0,0.04472385802960369,60,358,0
allemand,159,1,0.006082725060827251,0.23398215733982158,261,0.027169505271695052,128,0.0,5,0,0.01824817518248175,11,0.02473641524736415,88,1420,160,0.17396593673965938,0.15487749983923862,0.019870235198702353,163,4,62,0.008921330089213302,3,62,171,261,0.36541430777148737,0.035685320356853206,253,202.8828125,1210,0.0032441200324412004,47,15,0.02473641524736415,187,0,410,2,1,0.00040551500405515005,129,3886,3,0.0036496350364963502,199,16,0,26,1371,0.3528049408131755,259,25,8.109375,2,0.31873479318734793,82,0.08799675587996755,0.0,0.0186536901865369,19,168,0
grec,13,0,0.03513513513513514,0.22432432432432434,38,0.02702702702702703,21,0.0,0,0,0.013513513513513514,7,0.032432432432432434,9,242,16,0.14594594594594595,0.13936265709156193,0.02972972972972973,16,0,8,0.010810810810810811,0,8,15,38,0.3954248366013072,0.02702702702702703,25,179.66666666666666,245,0.0,9,13,0.016216216216216217,30,0,52,0,1,0.0,20,612,0,0.008108108108108109,30,3,0,5,289,0.4722222222222222,34,2,5.333333333333333,0,0.34054054054054056,11,0.0918918918918919,0.0,0.032432432432432434,2,16,0
hindoustani,3,0,0.1956521739130435,0.13043478260869565,2,0.021739130434782608,5,0.0,0,0,0.043478260869565216,3,0.021739130434782608,0,21,3,0.10869565217391304,0.19224555735056542,0.021739130434782608,3,0,0,0.0,0,0,1,2,0.31343283582089554,0.0,3,93.8,32,0.0,0,9,0.0,2,0,4,0,1,0.0,2,67,0,0.0,2,0,0,3,43,0.6417910447761194,4,2,2.6,0,0.5434782608695652,1,0.08695652173913043,0.0,0.021739130434782608,1,3,0
japonais,76,0,0.01160092807424594,0.2559938128383604,166,0.020108275328692964,93,0.0007733952049497294,1,0,0.017788089713843776,12,0.018561484918793503,63,862,66,0.18097447795823665,0.1070915338956576,0.019334880123743233,68,1,50,0.01082753286929621,0,50,66,166,0.40018570102135564,0.03248259860788863,130,151.6236559139785,697,0.0030935808197989174,34,15,0.006187161639597835,106,0,218,0,1,0.0,70,2154,1,0.004640371229698376,116,1,0,9,792,0.36768802228412256,121,3,4.32258064516129,0,0.300077339520495,50,0.10440835266821345,0.0,0.02474864655839134,16,68,0
latin,114,0,0.007782101167315175,0.2406892718176765,155,0.021122846025569762,134,0.0,2,1,0.0216787103946637,7,0.024458032240133407,52,1099,109,0.1489716509171762,0.15456499802570964,0.023346303501945526,108,2,27,0.011117287381878822,5,28,95,154,0.3793579565067311,0.038910505836575876,165,141.32089552238807,897,0.0027793218454697055,32,14,0.016675931072818232,113,0,254,0,1,0.0,71,2897,3,0.005002779321845469,127,11,0,24,1015,0.3503624439074905,162,23,5.268656716417911,6,0.3329627570872707,54,0.08782657031684268,0.0,0.024458032240133407,14,114,0
portugais,81,0,0.009683666881859263,0.27953518398967075,162,0.024531956100710135,135,0.001936733376371853,1,0,0.016139444803098774,11,0.02130406714009038,39,998,69,0.15171078114912848,0.13905592303066747,0.01872175597159458,73,3,22,0.0032278889606197547,0,23,99,161,0.3922955974842767,0.03808908973531311,111,125.02962962962962,830,0.0025823111684958036,36,15,0.005810200129115558,125,0,225,0,1,0.0,88,2544,2,0.0012911555842479018,139,5,0,15,948,0.37264150943396224,136,14,4.481481481481482,3,0.31245965138799225,60,0.07617817947062622,0.0,0.046481601032924466,10,74,0
russe,135,0,0.007056451612903226,0.23588709677419356,202,0.023689516129032258,173,0.0,9,0,0.012600806451612902,7,0.018145161290322582,55,1297,133,0.16985887096774194,0.17297734627831715,0.018649193548387098,127,0,33,0.00655241935483871,7,33,86,202,0.3953063090521183,0.03679435483870968,189,116.28323699421965,901,0.007056451612903226,49,14,0.026713709677419355,154,0,317,1,1,0.0,99,3281,2,0.0020161290322580645,169,6,0,11,1026,0.31270953977445903,230,15,4.07514450867052,12,0.3251008064516129,52,0.08669354838709678,0.0,0.03024193548387097,20,135,0
espagnol,121,0,0.0062724014336917565,0.24193548387096775,263,0.022401433691756272,128,0.0,9,7,0.01971326164874552,8,0.0264336917562724,99,1162,109,0.1671146953405018,0.17232142857142857,0.039874551971326166,107,0,59,0.011200716845878136,3,59,148,263,0.34236888626988804,0.03181003584229391,208,171.6875,1107,0.0017921146953405018,54,14,0.05017921146953405,172,0,360,0,1,0.0,111,3394,1,0.0013440860215053765,204,12,0,13,1250,0.36829699469652327,217,8,6.0625,9,0.29838709677419356,57,0.07302867383512544,0.0,0.01478494623655914,13,110,0
tamoul,67,1,0.013525698827772768,0.2551848512173129,117,0.026149684400360685,73,0.0009017132551848512,1,0,0.012623985572587917,8,0.020739404869251576,31,706,56,0.16050495942290352,0.07267441860465117,0.016230838593327322,59,2,17,0.026149684400360685,1,17,47,117,0.38919514884233736,0.023444544634806132,90,154.86301369863014,623,0.0036068530207394047,29,15,0.009918845807033363,92,0,169,1,1,0.0,59,1814,2,0.0018034265103697023,100,1,0,20,725,0.39966923925027564,109,13,4.273972602739726,3,0.32642019837691616,38,0.09558160504959423,0.0,0.020739404869251576,9,61,0
languesindoeuropéennes,0,0,0.0,0.0,0,0.0,0,0.0,0,0,0.0,0,0.0,0,0,0,0.0,0.0,0.0,0,0,0,0.0,0,0,0,0,0.0,0.0,0,0.0,0,0.0,0,0,0.0,0,0,0,0,0,0.0,0,0,0,0.0,0,0,0,0,0,0.0,0,0,0.0,0,0.0,0,0.0,0.0,0.0,0,0,0
loisir,32,0,0.02329450915141431,0.3211314475873544,56,0.018302828618968387,29,0.0,4,0,0.026622296173044926,5,0.018302828618968387,26,372,28,0.1464226289517471,0.07797665369649806,0.036605657237936774,30,2,19,0.03494176372712146,2,19,16,56,0.3823227132579651,0.03494176372712146,58,202.3448275862069,395,0.0066555740432612314,10,14,0.04159733777038269,32,0,84,0,1,0.0,20,973,2,0.004991680532445923,37,1,0,3,463,0.47584789311408016,51,5,5.551724137931035,2,0.22129783693843594,11,0.059900166389351084,0.0,0.028286189683860232,4,32,0
jeu,331,0,0.0037926675094816687,0.3284450063211125,432,0.023514538558786345,316,0.001011378002528445,10,0,0.008596713021491783,8,0.02579013906447535,233,2646,313,0.1911504424778761,0.034033673909915095,0.019469026548672566,318,5,178,0.014917825537294564,6,179,69,431,0.40109140518417463,0.03337547408343868,552,125.70569620253164,1690,0.006321112515802781,55,15,0.009608091024020228,212,0,730,0,1,0.0,149,6597,7,0.0035398230088495575,253,24,0,17,1924,0.29164771865999695,369,34,3.892405063291139,2,0.23261694058154236,154,0.0922882427307206,0.0,0.009355246523388117,26,325,0
jeudesociété,0,0,0.0,0.0,0,0.0,0,0.0,0,0,0.0,0,0.0,0,0,0,0.0,0.0,0.0,0,0,0,0.0,0,0,0,0,0.0,0.0,0,0.0,0,0.0,0,0,0.0,0,0,0,0,0,0.0,0,0,0,0.0,0,0,0,0,0,0.0,0,0,0.0,0,0.0,0,0.0,0.0,0.0,0,0,0
jeudecartes,0,0,0.0,0.0,0,0.0,0,0.0,0,0,0.0,0,0.0,0,0,0,0.0,0.0,0.0,0,0,0,0.0,0,0,0,0,0.0,0.0,0,0.0,0,0.0,0,0,0.0,0,0,0,0,0,0.0,0,0,0,0.0,0,0,0,0,0,0.0,0,0,0.0,0,0.0,0,0.0,0.0,0.0,0,0,0
échecs,568,1,0.0018200728029121164,0.3000520020800832,867,0.01950078003120125,510,0.0,12,0,0.01794071762870515,15,0.024440977639105563,367,4906,512,0.18252730109204368,0.06808167393031711,0.01781071242849714,524,13,261,0.014040561622464899,12,262,203,865,0.3896743447180302,0.03081123244929797,891,149.81372549019608,2758,0.005590223608944358,183,14,0.0046801872074883,529,0,1354,1,1,0.0,330,12590,13,0.0046801872074883,604,33,0,46,3169,0.2517077045274027,791,48,4.113725490196078,7,0.26326053042121683,246,0.0748829953198128,0.0,0.039781591263650544,50,539,0
jeudego,0,0,0.0,0.0,0,0.0,0,0.0,0,0,0.0,0,0.0,0,0,0,0.0,0.0,0.0,0,0,0,0.0,0,0,0,0,0.0,0.0,0,0.0,0,0.0,0,0,0.0,0,0,0,0,0,0.0,0,0,0,0.0,0,0,0,0,0,0.0,0,0,0.0,0,0.0,0,0.0,0.0,0.0,0,0,0
jeuvidéo,0,0,0.0,0.0,0,0.0,0,0.0,0,0,0.0,0,0.0,0,0,0,0.0,0.0,0.0,0,0,0,0.0,0,0,0,0,0.0,0.0,0,0.0,0,0.0,0,0,0.0,0,0,0,0,0,0.0,0,0,0,0.0,0,0,0,0,0,0.0,0,0,0.0,0,0.0,0,0.0,0.0,0.0,0,0,0
jeudehasard,0,0,0.0,0.0,0,0.0,0,0.0,0,0,0.0,0,0.0,0,0,0,0.0,0.0,0.0,0,0,0,0.0,0,0,0,0,0.0,0.0,0,0.0,0,0.0,0,0,0.0,0,0,0,0,0,0.0,0,0,0,0.0,0,0,0,0,0,0.0,0,0,0.0,0,0.0,0,0.0,0.0,0.0,0,0,0
activitéphysique,0,0,0.0,0.0,0,0.0,0,0.0,0,0,0.0,0,0.0,0,0,0,0.0,0.0,0.0,0,0,0,0.0,0,0,0,0,0.0,0.0,0,0.0,0,0.0,0,0,0.0,0,0,0,0,0,0.0,0,0,0,0.0,0,0,0,0,0,0.0,0,0,0.0,0,0.0,0,0.0,0.0,0.0,0,0,0
sport,246,0,0.0035989717223650387,0.3,418,0.02082262210796915,261,0.0,15,0,0.02622107969151671,12,0.021593830334190232,179,2425,227,0.1686375321336761,0.060076236561594124,0.015167095115681234,231,5,129,0.006940874035989717,6,130,73,417,0.384006334125099,0.027506426735218508,413,156.06513409961687,1786,0.002827763496143959,94,14,0.011568123393316195,253,0,627,1,1,0.0,149,6315,7,0.003084832904884319,288,12,0,14,2028,0.32114014251781475,318,25,4.363984674329502,9,0.2820051413881748,159,0.08637532133676093,0.0,0.02724935732647815,29,239,0
football,673,0,0.0014246367176370025,0.2914806724285307,1118,0.014911197644600627,715,0.0006648304682306011,18,5,0.02706809763510305,8,0.026973121853927248,442,6654,592,0.1651628834647165,0.04524699775656534,0.014056415614018426,610,16,287,0.006363377338778612,11,288,287,1117,0.38740102468560783,0.03894007028207807,1045,150.28251748251748,3470,0.001709564061164403,262,15,0.01139709374109602,725,0,1667,0,1,0.0,432,17176,14,0.003894007028207807,830,35,0,35,4003,0.2330577550069865,844,25,3.788811188811189,28,0.25111596542881565,453,0.08842245227466997,0.0,0.057840250736062304,72,622,0
cricket,202,0,0.004560656734569778,0.27424749163879597,425,0.022803283672848892,252,0.0,9,2,0.03770142900577683,11,0.025539677713590756,140,2160,195,0.19093949528732138,0.027045689952813902,0.020370933414411676,197,5,113,0.01124961994527212,6,113,65,425,0.39640300972655534,0.036485253876558224,335,132.47222222222223,1299,0.007297050775311645,130,15,0.006993006993006993,300,0,603,0,1,0.0003040437823046519,163,5449,3,0.008513225904530252,312,4,0,23,1492,0.2738117085703799,351,29,3.7698412698412698,1,0.23350562480997264,137,0.07023411371237458,0.0,0.053815749467923384,25,203,0
jeuxolympiques,0,0,0.0,0.0,0,0.0,0,0.0,0,0,0.0,0,0.0,0,0,0,0.0,0.0,0.0,0,0,0,0.0,0,0,0,0,0.0,0.0,0,0.0,0,0.0,0,0,0.0,0,0,0,0,0,0.0,0,0,0,0.0,0,0,0,0,0,0.0,0,0,0.0,0,0.0,0,0.0,0.0,0.0,0,0,0
athlétisme,440,2,0.0019457956914523975,0.28811674774148716,849,0.01584433634468381,518,0.0,12,0,0.024461431549687284,16,0.01931897150799166,321,4600,380,0.17303683113273105,0.018748522963001866,0.011118832522585128,382,8,227,0.014037526059763725,12,227,81,849,0.39006190112778766,0.03432939541348158,710,142.82625482625483,2628,0.0018068102849200835,214,14,0.004864489228630994,554,0,1196,2,1,0.0,321,11793,6,0.003613620569840167,622,12,0,13,3039,0.25769524294072754,622,28,3.606177606177606,12,0.2815844336344684,302,0.07797081306462822,0.0,0.049895760945100766,49,396,0
jouet,115,0,0.007045561296383279,0.3006106153123532,292,0.028182245185533115,170,0.0004697040864255519,4,0,0.015500234852043212,7,0.024424612494128698,109,1514,100,0.18694222639736965,0.02585407001265289,0.012212306247064349,104,3,81,0.006575857209957727,2,81,17,292,0.4158198297171107,0.0371066228276186,211,134.13529411764705,1129,0.0028182245185533112,65,15,0.0028182245185533112,192,0,374,0,1,0.0,122,3641,3,0.0023485204321277596,211,6,0,7,1279,0.3512771216698709,111,19,3.5647058823529414,2,0.26914044152184124,178,0.09206200093940817,0.0,0.018788163457022077,24,106,0
vêtement,69,0,0.011914893617021277,0.2578723404255319,139,0.02297872340425532,88,0.0,3,0,0.022127659574468085,8,0.015319148936170212,66,736,69,0.17957446808510638,0.054435636089090224,0.011914893617021277,68,2,50,0.01702127659574468,4,50,25,139,0.3857442348008386,0.02893617021276596,137,140.48863636363637,763,0.003404255319148936,29,14,0.005106382978723404,75,0,200,0,1,0.0,45,1908,1,0.002553191489361702,89,14,0,13,873,0.45754716981132076,81,14,4.590909090909091,0,0.2902127659574468,64,0.12340425531914893,0.0,0.01957446808510638,11,72,0
cuisine,149,0,0.006195786864931847,0.2945064023130938,318,0.0161090458488228,161,0.0004130524576621231,4,0,0.01569599339116068,7,0.023130937629078894,128,1582,124,0.18587360594795538,0.08136639427629502,0.012391573729863693,130,5,93,0.006195786864931847,2,93,57,318,0.39540114971257184,0.020239570425444033,254,160.583850931677,1282,0.0008261049153242462,68,15,0.017761255679471292,197,0,430,0,1,0.0,128,4001,3,0.0028913672036348617,225,7,0,17,1448,0.36190952261934517,198,24,4.968944099378882,3,0.3077240809582817,124,0.0859149111937216,0.0,0.010326311441553077,20,132,0
couleur,341,3,0.0033982782057091075,0.2942908926144087,471,0.015632079746261893,353,0.0006796556411418215,7,0,0.010647938377888537,11,0.021975532396918896,210,3092,291,0.17603081105573176,0.013885312469050212,0.016311735387403714,300,9,148,0.00475758948799275,3,148,46,470,0.41221170510598587,0.026959673765292253,513,139.1643059490085,1630,0.005210693248753965,129,15,0.0020389669234254643,270,0,755,3,1,0.0,135,7501,4,0.0015858631626642502,322,11,0,18,1920,0.25596587121717107,367,26,3.781869688385269,7,0.32532850022655185,200,0.07498867240598096,0.0,0.023561395559583146,22,307,0
émotion,94,0,0.008674101610904586,0.32094175960346966,166,0.022304832713754646,130,0.0006195786864931846,7,0,0.014250309789343246,10,0.02664188351920694,79,1079,86,0.15923172242874845,0.06040494938132734,0.014250309789343246,87,4,62,0.05514250309789343,4,62,48,166,0.4008172362555721,0.027881040892193308,170,126.93846153846154,812,0.0012391573729863693,37,14,0.012391573729863693,89,0,250,0,1,0.0,50,2692,1,0.0,104,5,0,4,959,0.3562407132243685,128,5,3.2384615384615385,0,0.2552664188351921,50,0.06815365551425032,0.0,0.02168525402726146,7,91,0
colère,125,0,0.008450704225352112,0.29352112676056336,234,0.021971830985915493,129,0.0005633802816901409,2,0,0.010140845070422535,8,0.018591549295774647,99,1265,109,0.19492957746478873,0.03603372057160481,0.017464788732394366,108,1,75,0.0067605633802816905,4,75,32,234,0.4165294698715838,0.041690140845070424,212,143.71317829457365,1026,0.003943661971830986,59,15,0.02028169014084507,140,0,332,0,1,0.0,75,3037,2,0.004507042253521127,159,4,0,14,1136,0.3740533421139282,214,14,4.7984496124031,3,0.27211267605633804,33,0.06985915492957746,0.0,0.023661971830985916,14,112,0
peur,127,0,0.00841852074564041,0.3042693926638605,230,0.020444978953698137,121,0.0,5,0,0.00661455201443175,9,0.030667468430547205,109,1071,109,0.20685508117859291,0.042116331839061376,0.0132291040288635,110,0,80,0.009019843656043296,3,80,9,230,0.3920204978038067,0.035478051713770296,222,141.34710743801654,911,0.004209260372820205,65,14,0.007817197835237523,129,0,321,1,1,0.0,57,2732,5,0.004209260372820205,150,3,0,9,1066,0.390190336749634,173,11,3.809917355371901,0,0.24954900781719783,62,0.10342754058929646,0.0,0.004209260372820205,23,114,0
amour,285,0,0.004261363636363636,0.25823863636363636,479,0.022443181818181817,240,0.0005681818181818182,11,0,0.02130681818181818,10,0.025852272727272727,240,2134,226,0.2028409090909091,0.06871702483592845,0.024147727272727272,228,5,153,0.013068181818181817,6,153,81,479,0.37763227747301364,0.040625,470,149.09166666666667,1659,0.005965909090909091,102,15,0.020454545454545454,248,0,691,1,1,0.0,142,5651,4,0.003125,326,17,0,31,1878,0.3323305609626615,366,23,5.5375,8,0.2622159090909091,108,0.08522727272727272,0.0,0.013920454545454545,23,235,0
bonheur,600,0,0.0017339608620262571,0.28201634877384196,908,0.019445132524151598,359,0.0,22,6,0.02278919990091652,7,0.020807530344315085,402,4797,516,0.17996036660886797,0.15707100058115067,0.02415159772108001,536,11,278,0.011023036908595492,9,278,159,908,0.3726983140393132,0.032325984642060934,947,232.71030640668525,3272,0.004087193460490463,228,14,0.019568986871439188,525,0,1408,0,1,0.0,278,12871,18,0.006688134753529849,630,28,0,63,3609,0.2803977934892394,770,20,8.069637883008356,39,0.24721327718602923,281,0.0873173148377508,0.0,0.04260589546693089,45,545,0
famille,101,0,0.008997429305912597,0.3149100257069409,149,0.011568123393316195,96,0.0,1,0,0.010925449871465296,7,0.014781491002570694,67,948,85,0.15038560411311053,0.05155782237498614,0.010925449871465296,85,0,37,0.006426735218508998,0,37,44,149,0.37859424920127793,0.027634961439588688,150,176.27083333333334,895,0.003213367609254499,37,14,0.005141388174807198,86,0,228,0,1,0.0,47,2504,0,0.002570694087403599,112,9,0,6,1025,0.40934504792332266,110,11,5.958333333333333,10,0.35411311053984573,57,0.061696658097686374,0.0,0.02570694087403599,6,85,0
adulte,43,0,0.027777777777777776,0.2777777777777778,57,0.023148148148148147,26,0.0,0,0,0.03009259259259259,4,0.020833333333333332,29,257,37,0.2175925925925926,0.08729838709677419,0.013888888888888888,37,0,23,0.032407407407407406,0,23,16,57,0.37300435413642963,0.02546296296296296,66,171.34615384615384,323,0.0023148148148148147,13,12,0.0,28,0,86,0,1,0.0,15,689,0,0.0,34,0,0,4,374,0.5428156748911466,52,5,6.5,0,0.2523148148148148,13,0.06944444444444445,0.0,0.034722222222222224,8,37,0
enfant,74,0,0.01174496644295302,0.3347315436241611,115,0.01761744966442953,67,0.0,7,0,0.010906040268456376,16,0.02181208053691275,48,768,64,0.15100671140939598,0.09996494917630565,0.010906040268456376,64,0,25,0.008389261744966443,1,25,30,115,0.39183673469387753,0.037751677852348994,109,188.65671641791045,756,0.0050335570469798654,26,14,0.015100671140939598,74,0,172,0,1,0.0,45,1960,1,0.0050335570469798654,90,0,0,24,833,0.425,92,14,5.567164179104478,0,0.25419463087248323,40,0.09395973154362416,0.0,0.03355704697986577,8,65,0
nourrisson,47,0,0.023131672597864767,0.2722419928825623,68,0.019572953736654804,51,0.0,3,0,0.008896797153024912,4,0.033807829181494664,43,396,43,0.19750889679715303,0.034287616511318245,0.010676156583629894,43,0,31,0.026690391459074734,0,31,7,68,0.4133611691022965,0.03202846975088968,86,111.86274509803921,378,0.0071174377224199285,6,13,0.0017793594306049821,27,0,107,0,1,0.0,19,958,0,0.0,37,3,0,8,445,0.46450939457202506,48,6,2.843137254901961,0,0.2722419928825623,20,0.08718861209964412,0.0,0.030249110320284697,4,43,0
mariage,346,0,0.0026214610276127227,0.3105557497378539,604,0.023942677385529534,385,0.0005242922055225446,9,0,0.013631597343586158,14,0.024292205522544564,235,3805,330,0.16637539321915415,0.06578514468345109,0.016427822439706398,338,4,172,0.008912967493883258,9,173,107,603,0.3995589625118135,0.042991960852848655,573,153.01298701298703,2155,0.0027962250961202375,140,15,0.009961551904928347,393,0,917,1,1,0.0,239,9523,15,0.0031457532331352674,431,31,0,30,2480,0.26042213588154994,495,40,4.4467532467532465,26,0.264767563788885,222,0.07602236980076896,0.0,0.03565186997553303,35,349,0
meuble,39,0,0.016928657799274487,0.25755743651753327,84,0.012091898428053204,59,0.0,1,0,0.014510278113663845,5,0.018137847642079808,27,590,33,0.14268440145102781,0.04278192189556823,0.013301088270858524,32,0,19,0.012091898428053204,2,19,16,84,0.41725601131541723,0.030229746070133012,61,145.79661016949152,510,0.0024183796856106408,11,14,0.008464328899637243,58,0,111,0,1,0.0,46,1414,1,0.0048367593712212815,65,1,0,4,585,0.41371994342291374,36,9,3.2542372881355934,0,0.3518742442563482,55,0.11729141475211609,0.0,0.014510278113663845,7,34,0
genre,0,0,0.0,0.0,0,0.0,0,0.0,0,0,0.0,0,0.0,0,0,0,0.0,0.0,0.0,0,0,0,0.0,0,0,0,0,0.0,0.0,0,0.0,0,0.0,0,0,0.0,0,0,0,0,0,0.0,0,0,0,0.0,0,0,0,0,0,0.0,0,0,0.0,0,0.0,0,0.0,0.0,0.0,0,0,0
homme,65,0,0.01403180542563143,0.3507951356407858,84,0.015902712815715623,75,0.0009354536950420954,3,0,0.01777362020579981,10,0.01777362020579981,35,684,62,0.13751169317118803,0.03343843345502821,0.01403180542563143,61,0,22,0.002806361085126286,2,22,16,84,0.3904109589041096,0.03274087932647334,96,153.17333333333335,651,0.005612722170252572,17,15,0.00841908325537886,52,0,145,0,1,0.0,34,1752,1,0.0009354536950420954,62,5,0,9,745,0.4252283105022831,78,9,4.48,2,0.2993451824134705,34,0.0608044901777362,0.0,0.03461178671655753,2,63,0
femme,255,0,0.003458498023715415,0.3050889328063241,392,0.016551383399209488,279,0.0,7,21,0.011610671936758894,7,0.0200098814229249,145,2781,226,0.15464426877470355,0.029097481079859936,0.020256916996047432,228,1,89,0.01358695652173913,6,89,43,392,0.40735315658415117,0.040513833992094864,374,151.87455197132616,1959,0.0017292490118577075,117,14,0.006422924901185771,262,13,600,0,1,0.0,135,6827,7,0.0029644268774703555,303,13,0,52,2233,0.3270836384942141,291,14,4.064516129032258,23,0.2875494071146245,190,0.08498023715415019,0.0,0.03409090909090909,26,234,0
esprit,53,0,0.01511879049676026,0.28293736501079914,119,0.03131749460043196,60,0.0,1,0,0.014038876889848811,6,0.023758099352051837,34,615,50,0.183585313174946,0.07855805243445693,0.024838012958963283,51,0,20,0.0021598272138228943,0,20,34,119,0.39935064935064934,0.04103671706263499,84,161.85,543,0.005399568034557235,21,14,0.02159827213822894,88,0,162,0,1,0.0,65,1540,1,0.0064794816414686825,99,8,0,7,623,0.40454545454545454,116,8,5.6,2,0.27213822894168466,20,0.07235421166306695,0.0,0.0183585313174946,8,51,0
conscience,180,0,0.006237006237006237,0.29355509355509357,249,0.02286902286902287,161,0.0004158004158004158,4,0,0.028690228690228692,9,0.022453222453222454,109,1592,168,0.1758835758835759,0.05700804455445545,0.021205821205821207,169,3,85,0.04158004158004158,4,86,57,248,0.39849812265331663,0.02993762993762994,281,149.45962732919256,1121,0.004158004158004158,54,15,0.023284823284823286,148,0,400,1,1,0.0,88,3995,4,0.0033264033264033266,163,5,0,10,1270,0.31789737171464333,254,15,4.354037267080745,12,0.2311850311850312,60,0.08357588357588358,0.0,0.01787941787941788,23,175,0
pensée,5,0,0.1276595744680851,0.2765957446808511,13,0.02127659574468085,12,0.010638297872340425,0,0,0.031914893617021274,4,0.02127659574468085,1,34,4,0.19148936170212766,0.1791958041958042,0.010638297872340425,5,1,1,0.0,0,1,7,13,0.2677165354330709,0.031914893617021274,6,75.25,78,0.0,6,12,0.031914893617021274,12,0,18,0,1,0.0,6,127,0,0.0,12,0,0,3,94,0.7401574803149606,15,1,3.25,0,0.2765957446808511,2,0.07446808510638298,0.0,0.02127659574468085,0,5,0
viequotidienne,0,0,0.0,0.0,0,0.0,0,0.0,0,0,0.0,0,0.0,0,0,0,0.0,0.0,0.0,0,0,0,0.0,0,0,0,0,0.0,0.0,0,0.0,0,0.0,0,0,0.0,0,0,0,0,0,0.0,0,0,0,0.0,0,0,0,0,0,0.0,0,0,0.0,0,0.0,0,0.0,0.0,0.0,0,0,0
sexualitéhumaine,0,0,0.0,0.0,0,0.0,0,0.0,0,0,0.0,0,0.0,0,0,0,0.0,0.0,0.0,0,0,0,0.0,0,0,0,0,0.0,0.0,0,0.0,0,0.0,0,0,0.0,0,0,0,0,0,0.0,0,0,0,0.0,0,0,0,0,0,0.0,0,0,0.0,0,0.0,0,0.0,0.0,0.0,0,0,0
sommeil,228,0,0.004474940334128878,0.29295942720763724,338,0.0220763723150358,242,0.0002983293556085919,0,0,0.009248210023866348,13,0.02386634844868735,134,2075,205,0.1685560859188544,0.06404217738050634,0.016706443914081145,224,10,96,0.008949880668257757,3,96,75,338,0.38241798746774786,0.04266109785202864,353,142.69421487603304,1496,0.0038782816229116944,83,15,0.008054892601431982,217,0,543,0,1,0.0,129,5426,12,0.0029832935560859188,242,24,0,18,1715,0.3160707703649097,300,25,3.8140495867768593,0,0.28072792362768495,131,0.08174224343675418,0.0,0.03729116945107398,22,227,0
rêve,334,1,0.002926829268292683,0.27219512195121953,506,0.018926829268292682,402,0.0003902439024390244,9,0,0.021853658536585364,14,0.019317073170731707,212,3066,309,0.16175609756097561,0.047099643799715776,0.021658536585365852,314,4,151,0.014048780487804878,8,151,131,506,0.3745876603543067,0.041170731707317075,528,126.79850746268657,2308,0.005853658536585366,106,15,0.012878048780487804,310,0,799,1,1,0.0,195,8185,9,0.001951219512195122,355,25,0,16,2632,0.3215638362858888,447,31,4.330845771144278,15,0.3038048780487805,170,0.07121951219512195,0.0,0.03297560975609756,30,323,0
préhistoire,91,1,0.009404388714733543,0.2476489028213166,173,0.026332288401253918,134,0.0006269592476489029,1,0,0.04075235109717868,11,0.01567398119122257,42,1057,84,0.16300940438871472,0.07925102276303367,0.015047021943573668,85,2,24,0.003761755485893417,1,24,48,173,0.3987174651075066,0.04012539184952978,127,129.21641791044777,860,0.0018808777429467085,61,15,0.00438871473354232,135,0,251,1,1,0.0,72,2651,0,0.006269592476489028,149,9,0,6,975,0.3677857412297246,158,18,4.097014925373134,5,0.32100313479623827,60,0.08401253918495298,0.0,0.02946708463949843,9,87,1
antiquité,1725,4,0.0006769564040075819,0.2784096037548515,2473,0.019315822727683004,1227,4.5130426933838797e-05,20,0,0.013268345518548606,10,0.022926256882390108,973,14235,1396,0.17727231699611878,0.07652154901478506,0.020850257243433524,1423,20,508,0.004287390558714685,28,508,592,2473,0.39115739723016046,0.03935373228630743,2393,191.3838630806846,5165,0.0029786081776333605,661,15,0.012636519541474862,1609,0,3757,4,1,0.0,874,36392,35,0.006859824893943497,1965,66,0,44,6057,0.16643767861068368,2020,43,5.361043194784026,10,0.2997111652676234,935,0.08827511508258869,0.0,0.01380991064175467,171,1455,1
âgedelapierre,0,0,0.0,0.0,0,0.0,0,0.0,0,0,0.0,0,0.0,0,0,0,0.0,0.0,0.0,0,0,0,0.0,0,0,0,0,0.0,0.0,0,0.0,0,0.0,0,0,0.0,0,0,0,0,0,0.0,0,0,0,0.0,0,0,0,0,0,0.0,0,0,0.0,0,0.0,0,0.0,0.0,0.0,0,0,1
mésopotamie,621,1,0.001682085786375105,0.28319115703472303,935,0.020785774360206656,425,0.0,10,0,0.0070887900997236575,19,0.023429052024510393,366,5466,503,0.175057070767752,0.25991713968813207,0.022708158116063918,506,11,189,0.00336417157275021,14,189,266,935,0.39643167972149695,0.031959629941127,870,211.84235294117647,2708,0.003844767511714526,257,14,0.009972365733509552,603,0,1385,2,1,0.0,330,13788,7,0.006488045176018263,746,34,0,45,3232,0.2344067304902814,682,60,5.444705882352941,3,0.304337378349153,409,0.09804157154872041,0.0,0.009732067764027394,72,522,1
révolutionnéolithique,0,0,0.0,0.0,0,0.0,0,0.0,0,0,0.0,0,0.0,0,0,0,0.0,0.0,0.0,0,0,0,0.0,0,0,0,0,0.0,0.0,0,0.0,0,0.0,0,0,0.0,0,0,0,0,0,0.0,0,0,0,0.0,0,0,0,0,0,0.0,0,0,0.0,0,0.0,0,0.0,0.0,0.0,0,0,1
sumer,414,2,0.0019982871824150727,0.2691978304310591,885,0.019411932629174993,364,0.0,19,0,0.008564087924636025,10,0.026691407365115615,344,4553,395,0.1851270339708821,0.42362029208301305,0.027547816157579216,397,8,201,0.004567513559805881,11,201,166,885,0.393892205208063,0.03753925206965458,740,204.24725274725276,2417,0.0035683699685983444,204,14,0.014130745075649443,580,0,1250,4,1,0.0,353,11559,7,0.005566657151013417,684,83,0,55,2870,0.24829137468639156,606,34,5.071428571428571,49,0.29389095061375964,347,0.0954895803596917,0.0,0.00870682272337996,47,412,1
âgedubronze,0,0,0.0,0.0,0,0.0,0,0.0,0,0,0.0,0,0.0,0,0,0,0.0,0.0,0.0,0,0,0,0.0,0,0,0,0,0.0,0.0,0,0.0,0,0.0,0,0,0.0,0,0,0,0,0,0.0,0,0,0,0.0,0,0,0,0,0,0.0,0,0,0.0,0,0.0,0,0.0,0.0,0.0,0,0,1
égypteantique,0,0,0.0,0.0,0,0.0,0,0.0,0,0,0.0,0,0.0,0,0,0,0.0,0.0,0.0,0,0,0,0.0,0,0,0,0,0.0,0.0,0,0.0,0,0.0,0,0,0.0,0,0,0,0,0,0.0,0,0,0,0.0,0,0,0,0,0,0.0,0,0,0.0,0,0.0,0,0.0,0.0,0.0,0,0,1
assyrie,1061,2,0.0009889799378355467,0.2712630686634643,1776,0.021474992935857588,833,0.0,13,0,0.00883017801638881,9,0.026773099745690872,751,9430,911,0.19249788075727606,0.028359734287174247,0.02479513987001978,930,16,451,0.005721955354619949,17,452,261,1775,0.39981344865598234,0.03291890364509748,1659,181.09003601440577,3760,0.003320146934162193,424,14,0.009748516530093246,1122,0,2603,2,1,0.0,642,23586,21,0.003390788358293303,1324,77,0,33,4517,0.19151191384719748,1311,37,4.793517406962785,37,0.2989545069228596,663,0.09020909861542808,0.0,0.010101723650748799,122,950,1
civilisationdelavalléedelindus,0,0,0.0,0.0,0,0.0,0,0.0,0,0,0.0,0,0.0,0,0,0,0.0,0.0,0.0,0,0,0,0.0,0,0,0,0,0.0,0.0,0,0.0,0,0.0,0,0,0.0,0,0,0,0,0,0.0,0,0,0,0.0,0,0,0,0,0,0.0,0,0,0.0,0,0.0,0,0.0,0.0,0.0,0,0,1
âgedufer,0,0,0.0,0.0,0,0.0,0,0.0,0,0,0.0,0,0.0,0,0,0,0.0,0.0,0.0,0,0,0,0.0,0,0,0,0,0.0,0.0,0,0.0,0,0.0,0,0,0.0,0,0,0,0,0,0.0,0,0,0,0.0,0,0,0,0,0,0.0,0,0,0.0,0,0.0,0,0.0,0.0,0.0,0,0,1
grèceantique,0,0,0.0,0.0,0,0.0,0,0.0,0,0,0.0,0,0.0,0,0,0,0.0,0.0,0.0,0,0,0,0.0,0,0,0,0,0.0,0.0,0,0.0,0,0.0,0,0,0.0,0,0,0,0,0,0.0,0,0,0,0.0,0,0,0,0,0,0.0,0,0,0.0,0,0.0,0,0.0,0.0,0.0,0,0,1
romeantique,0,0,0.0,0.0,0,0.0,0,0.0,0,0,0.0,0,0.0,0,0,0,0.0,0.0,0.0,0,0,0,0.0,0,0,0,0,0.0,0.0,0,0.0,0,0.0,0,0,0.0,0,0,0,0,0,0.0,0,0,0,0.0,0,0,0,0,0,0.0,0,0,0.0,0,0.0,0,0.0,0.0,0.0,0,0,1
achéménides,551,0,0.0018115942028985507,0.2686335403726708,981,0.020315734989648032,516,0.0,15,0,0.010093167701863354,7,0.023680124223602484,381,5220,499,0.19345238095238096,0.08651497905915374,0.018504140786749484,502,8,243,0.009963768115942028,12,243,126,981,0.40318220437166913,0.034161490683229816,878,158.84496124031008,2843,0.0038819875776397515,238,14,0.007893374741200828,641,0,1422,0,1,0.0,379,12947,7,0.0034937888198757765,738,45,0,17,3331,0.25727967869004403,695,25,4.162790697674419,3,0.2971014492753623,419,0.09446169772256728,0.0,0.01436335403726708,73,514,1
moyenâge,0,0,0.0,0.0,0,0.0,0,0.0,0,0,0.0,0,0.0,0,0,0,0.0,0.0,0.0,0,0,0,0.0,0,0,0,0,0.0,0.0,0,0.0,0,0.0,0,0,0.0,0,0,0,0,0,0.0,0,0,0,0.0,0,0,0,0,0,0.0,0,0,0.0,0,0.0,0,0.0,0.0,0.0,0,0,1
pestenoire,0,0,0.0,0.0,0,0.0,0,0.0,0,0,0.0,0,0.0,0,0,0,0.0,0.0,0.0,0,0,0,0.0,0,0,0,0,0.0,0.0,0,0.0,0,0.0,0,0,0.0,0,0,0,0,0,0.0,0,0,0,0.0,0,0,0,0,0,0.0,0,0,0.0,0,0.0,0,0.0,0.0,0.0,0,0,1
empirebyzantin,0,0,0.0,0.0,0,0.0,0,0.0,0,0,0.0,0,0.0,0,0,0,0.0,0.0,0.0,0,0,0,0.0,0,0,0,0,0.0,0.0,0,0.0,0,0.0,0,0,0.0,0,0,0,0,0,0.0,0,0,0,0.0,0,0,0,0,0,0.0,0,0,0.0,0,0.0,0,0.0,0.0,0.0,0,0,1
croisade,439,0,0.002311604253351826,0.2513484358144552,844,0.01633533672368624,522,0.0003082139004469102,20,3,0.030513176144244106,8,0.022653721682847898,362,4299,435,0.19941439358915086,0.015509034880861099,0.016181229773462782,447,4,277,0.01001695176452458,3,278,42,843,0.3985722232523642,0.04130066265988596,799,128.94444444444446,2773,0.0018492834026814608,167,15,0.010479272615194945,520,0,1248,0,1,0.0,328,10786,12,0.003852673755586377,566,37,0,18,3114,0.2887075839050621,588,22,3.6187739463601534,15,0.2806287563569117,344,0.09138542148250886,0.0,0.023732470334412083,46,451,1
séparationdeséglisesdorientetdoccident,0,0,0.0,0.0,0,0.0,0,0.0,0,0,0.0,0,0.0,0,0,0,0.0,0.0,0.0,0,0,0,0.0,0,0,0,0,0.0,0.0,0,0.0,0,0.0,0,0,0.0,0,0,0,0,0,0.0,0,0,0,0.0,0,0,0,0,0,0.0,0,0,0.0,0,0.0,0,0.0,0.0,0.0,0,0,1
saintempireromaingermanique,0,0,0.0,0.0,0,0.0,0,0.0,0,0,0.0,0,0.0,0,0,0,0.0,0.0,0.0,0,0,0,0.0,0,0,0,0,0.0,0.0,0,0.0,0,0.0,0,0,0.0,0,0,0,0,0,0.0,0,0,0,0.0,0,0,0,0,0,0.0,0,0,0.0,0,0.0,0,0.0,0.0,0.0,0,0,1
âgedordelislam,0,0,0.0,0.0,0,0.0,0,0.0,0,0,0.0,0,0.0,0,0,0,0.0,0.0,0.0,0,0,0,0.0,0,0,0,0,0.0,0.0,0,0.0,0,0.0,0,0,0.0,0,0,0,0,0,0.0,0,0,0,0.0,0,0,0,0,0,0.0,0,0,0.0,0,0.0,0,0.0,0.0,0.0,0,0,1
empiremongol,0,0,0.0,0.0,0,0.0,0,0.0,0,0,0.0,0,0.0,0,0,0,0.0,0.0,0.0,0,0,0,0.0,0,0,0,0,0.0,0.0,0,0.0,0,0.0,0,0,0.0,0,0,0,0,0,0.0,0,0,0,0.0,0,0,0,0,0,0.0,0,0,0.0,0,0.0,0,0.0,0.0,0.0,0,0,1
empireottoman,0,0,0.0,0.0,0,0.0,0,0.0,0,0,0.0,0,0.0,0,0,0,0.0,0.0,0.0,0,0,0,0.0,0,0,0,0,0.0,0.0,0,0.0,0,0.0,0,0,0.0,0,0,0,0,0,0.0,0,0,0,0.0,0,0,0,0,0,0.0,0,0,0.0,0,0.0,0,0.0,0.0,0.0,0,0,1
âgedesvikings,0,0,0.0,0.0,0,0.0,0,0.0,0,0,0.0,0,0.0,0,0,0,0.0,0.0,0.0,0,0,0,0.0,0,0,0,0,0.0,0.0,0,0.0,0,0.0,0,0,0.0,0,0,0,0,0,0.0,0,0,0,0.0,0,0,0,0,0,0.0,0,0,0.0,0,0.0,0,0.0,0.0,0.0,0,0,1
renaissance,352,1,0.002616516762060507,0.27113654946852,664,0.020768601798855275,389,0.00016353229762878168,20,0,0.034178250204415374,11,0.01864268192968111,244,4001,372,0.1723630417007359,0.03766804206042859,0.01357318070318888,383,5,172,0.013736713000817661,6,173,145,663,0.39566851265822783,0.033524121013900246,625,165.62467866323908,2871,0.0022894521668029434,166,16,0.008013082583810302,456,0,1017,1,1,0.00016353229762878168,263,10112,13,0.0024529844644317253,491,53,0,29,3238,0.3202136075949367,602,37,5.097686375321337,0,0.30040883074407193,208,0.07440719542109567,0.0,0.034178250204415374,37,391,1
réformeprotestante,0,0,0.0,0.0,0,0.0,0,0.0,0,0,0.0,0,0.0,0,0,0,0.0,0.0,0.0,0,0,0,0.0,0,0,0,0,0.0,0.0,0,0.0,0,0.0,0,0,0.0,0,0,0,0,0,0.0,0,0,0,0.0,0,0,0,0,0,0.0,0,0,0.0,0,0.0,0,0.0,0.0,0.0,0,0,1
grandesdécouvertes,0,0,0.0,0.0,0,0.0,0,0.0,0,0,0.0,0,0.0,0,0,0,0.0,0.0,0.0,0,0,0,0.0,0,0,0,0,0.0,0.0,0,0.0,0,0.0,0,0,0.0,0,0,0,0,0,0.0,0,0,0,0.0,0,0,0,0,0,0.0,0,0,0.0,0,0.0,0,0.0,0.0,0.0,0,0,1
colonisationeuropéennedesamériques,0,0,0.0,0.0,0,0.0,0,0.0,0,0,0.0,0,0.0,0,0,0,0.0,0.0,0.0,0,0,0,0.0,0,0,0,0,0.0,0.0,0,0.0,0,0.0,0,0,0.0,0,0,0,0,0,0.0,0,0,0,0.0,0,0,0,0,0,0.0,0,0,0.0,0,0.0,0,0.0,0.0,0.0,0,0,1
révolutionscientifique,0,0,0.0,0.0,0,0.0,0,0.0,0,0,0.0,0,0.0,0,0,0,0.0,0.0,0.0,0,0,0,0.0,0,0,0,0,0.0,0.0,0,0.0,0,0.0,0,0,0.0,0,0,0,0,0,0.0,0,0,0,0.0,0,0,0,0,0,0.0,0,0,0.0,0,0.0,0,0.0,0.0,0.0,0,0,1
siècledeslumières,0,0,0.0,0.0,0,0.0,0,0.0,0,0,0.0,0,0.0,0,0,0,0.0,0.0,0.0,0,0,0,0.0,0,0,0,0,0.0,0.0,0,0.0,0,0.0,0,0,0.0,0,0,0,0,0,0.0,0,0,0,0.0,0,0,0,0,0,0.0,0,0,0.0,0,0.0,0,0.0,0.0,0.0,0,0,1
révolutionindustrielle,0,0,0.0,0.0,0,0.0,0,0.0,0,0,0.0,0,0.0,0,0,0,0.0,0.0,0.0,0,0,0,0.0,0,0,0,0,0.0,0.0,0,0.0,0,0.0,0,0,0.0,0,0,0,0,0,0.0,0,0,0,0.0,0,0,0,0,0,0.0,0,0,0.0,0,0.0,0,0.0,0.0,0.0,0,0,1
révolutionfrançaise,0,0,0.0,0.0,0,0.0,0,0.0,0,0,0.0,0,0.0,0,0,0,0.0,0.0,0.0,0,0,0,0.0,0,0,0,0,0.0,0.0,0,0.0,0,0.0,0,0,0.0,0,0,0,0,0,0.0,0,0,0,0.0,0,0,0,0,0,0.0,0,0,0.0,0,0.0,0,0.0,0.0,0.0,0,0,1
guerresnapoléoniennes,0,0,0.0,0.0,0,0.0,0,0.0,0,0,0.0,0,0.0,0,0,0,0.0,0.0,0.0,0,0,0,0.0,0,0,0,0,0.0,0.0,0,0.0,0,0.0,0,0,0.0,0,0,0,0,0,0.0,0,0,0,0.0,0,0,0,0,0,0.0,0,0,0.0,0,0.0,0,0.0,0.0,0.0,0,0,1
abolitiondelesclavage,0,0,0.0,0.0,0,0.0,0,0.0,0,0,0.0,0,0.0,0,0,0,0.0,0.0,0.0,0,0,0,0.0,0,0,0,0,0.0,0.0,0,0.0,0,0.0,0,0,0.0,0,0,0,0,0,0.0,0,0,0,0.0,0,0,0,0,0,0.0,0,0,0.0,0,0.0,0,0.0,0.0,0.0,0,0,1
partagedelafrique,0,0,0.0,0.0,0,0.0,0,0.0,0,0,0.0,0,0.0,0,0,0,0.0,0.0,0.0,0,0,0,0.0,0,0,0,0,0.0,0.0,0,0.0,0,0.0,0,0,0.0,0,0,0,0,0,0.0,0,0,0,0.0,0,0,0,0,0,0.0,0,0,0.0,0,0.0,0,0.0,0.0,0.0,0,0,1
empirebritannique,0,0,0.0,0.0,0,0.0,0,0.0,0,0,0.0,0,0.0,0,0,0,0.0,0.0,0.0,0,0,0,0.0,0,0,0,0,0.0,0.0,0,0.0,0,0.0,0,0,0.0,0,0,0,0,0,0.0,0,0,0,0.0,0,0,0,0,0,0.0,0,0,0.0,0,0.0,0,0.0,0.0,0.0,0,0,1
empirerusse,0,0,0.0,0.0,0,0.0,0,0.0,0,0,0.0,0,0.0,0,0,0,0.0,0.0,0.0,0,0,0,0.0,0,0,0,0,0.0,0.0,0,0.0,0,0.0,0,0,0.0,0,0,0,0,0,0.0,0,0,0,0.0,0,0,0,0,0,0.0,0,0,0.0,0,0.0,0,0.0,0.0,0.0,0,0,1
uniondesrépubliquessocialistessoviétiques,0,0,0.0,0.0,0,0.0,0,0.0,0,0,0.0,0,0.0,0,0,0,0.0,0.0,0.0,0,0,0,0.0,0,0,0,0,0.0,0.0,0,0.0,0,0.0,0,0,0.0,0,0,0,0,0,0.0,0,0,0,0.0,0,0,0,0,0,0.0,0,0,0.0,0,0.0,0,0.0,0.0,0.0,0,0,1
droitdevotedesfemmes,0,0,0.0,0.0,0,0.0,0,0.0,0,0,0.0,0,0.0,0,0,0,0.0,0.0,0.0,0,0,0,0.0,0,0,0,0,0.0,0.0,0,0.0,0,0.0,0,0,0.0,0,0,0,0,0,0.0,0,0,0,0.0,0,0,0,0,0,0.0,0,0,0.0,0,0.0,0,0.0,0.0,0.0,0,0,1
premièreguerremondiale,0,0,0.0,0.0,0,0.0,0,0.0,0,0,0.0,0,0.0,0,0,0,0.0,0.0,0.0,0,0,0,0.0,0,0,0,0,0.0,0.0,0,0.0,0,0.0,0,0,0.0,0,0,0,0,0,0.0,0,0,0,0.0,0,0,0,0,0,0.0,0,0,0.0,0,0.0,0,0.0,0.0,0.0,0,0,1
grandedépression,0,0,0.0,0.0,0,0.0,0,0.0,0,0,0.0,0,0.0,0,0,0,0.0,0.0,0.0,0,0,0,0.0,0,0,0,0,0.0,0.0,0,0.0,0,0.0,0,0,0.0,0,0,0,0,0,0.0,0,0,0,0.0,0,0,0,0,0,0.0,0,0,0.0,0,0.0,0,0.0,0.0,0.0,0,0,1
secondeguerremondiale,0,0,0.0,0.0,0,0.0,0,0.0,0,0,0.0,0,0.0,0,0,0,0.0,0.0,0.0,0,0,0,0.0,0,0,0,0,0.0,0.0,0,0.0,0,0.0,0,0,0.0,0,0,0,0,0,0.0,0,0,0,0.0,0,0,0,0,0,0.0,0,0,0.0,0,0.0,0,0.0,0.0,0.0,0,0,1
shoah,890,1,0.0008798686062881277,0.26055842327545753,2250,0.022935241670577193,1051,0.0002932895354293759,61,0,0.019415767245424684,16,0.022817925856405442,916,11355,895,0.1864148287189113,0.04323082093030819,0.01935710933833881,905,18,677,0.018418582824964804,22,677,198,2250,0.39986618304750504,0.03625058657907086,1801,166.372026641294,5058,0.003050211168465509,381,15,0.01349131862975129,1454,0,3079,1,1,0.0,996,28397,14,0.004458000938526514,1573,96,0,60,5939,0.20914181075465718,1447,63,4.5442435775451955,15,0.2732285312060066,815,0.08634443923040826,0.0,0.03296574378226185,99,928,1
guerrefroide,0,0,0.0,0.0,0,0.0,0,0.0,0,0,0.0,0,0.0,0,0,0,0.0,0.0,0.0,0,0,0,0.0,0,0,0,0,0.0,0.0,0,0.0,0,0.0,0,0,0.0,0,0,0,0,0,0.0,0,0,0,0.0,0,0,0,0,0,0.0,0,0,0.0,0,0.0,0,0.0,0.0,0.0,0,0,1
conflitisraéloarabe,0,0,0.0,0.0,0,0.0,0,0.0,0,0,0.0,0,0.0,0,0,0,0.0,0.0,0.0,0,0,0,0.0,0,0,0,0,0.0,0.0,0,0.0,0,0.0,0,0,0.0,0,0,0,0,0,0.0,0,0,0,0.0,0,0,0,0,0,0.0,0,0,0.0,0,0.0,0,0.0,0.0,0.0,0,0,1
islamisme,68,0,0.012750455373406194,0.3005464480874317,111,0.011839708561020037,75,0.0,3,0,0.026411657559198543,7,0.028233151183970857,46,579,63,0.15938069216757741,0.0453537936913896,0.029143897996357013,63,0,34,0.010018214936247723,1,34,20,111,0.34525939177101966,0.040983606557377046,108,147.46666666666667,647,0.0018214936247723133,19,14,0.03460837887067395,67,0,164,0,1,0.0,48,1677,1,0.0018214936247723133,77,3,0,7,748,0.4460345855694693,95,8,5.6,0,0.25136612021857924,34,0.05191256830601093,0.0,0.05191256830601093,11,64,1
guerredecorée,0,0,0.0,0.0,0,0.0,0,0.0,0,0,0.0,0,0.0,0,0,0,0.0,0.0,0.0,0,0,0,0.0,0,0,0,0,0.0,0.0,0,0.0,0,0.0,0,0,0.0,0,0,0,0,0,0.0,0,0,0,0.0,0,0,0,0,0,0.0,0,0,0.0,0,0.0,0,0.0,0.0,0.0,0,0,1
mouvementaméricaindesdroitsciviques,0,0,0.0,0.0,0,0.0,0,0.0,0,0,0.0,0,0.0,0,0,0,0.0,0.0,0.0,0,0,0,0.0,0,0,0,0,0.0,0.0,0,0.0,0,0.0,0,0,0.0,0,0,0,0,0,0.0,0,0,0,0.0,0,0,0,0,0,0.0,0,0,0.0,0,0.0,0,0.0,0.0,0.0,0,0,1
révolutionculturelle,0,0,0.0,0.0,0,0.0,0,0.0,0,0,0.0,0,0.0,0,0,0,0.0,0.0,0.0,0,0,0,0.0,0,0,0,0,0.0,0.0,0,0.0,0,0.0,0,0,0.0,0,0,0,0,0,0.0,0,0,0,0.0,0,0,0,0,0,0.0,0,0,0.0,0,0.0,0,0.0,0.0,0.0,0,0,1
histoireduvolspatial,0,0,0.0,0.0,0,0.0,0,0.0,0,0,0.0,0,0.0,0,0,0,0.0,0.0,0.0,0,0,0,0.0,0,0,0,0,0.0,0.0,0,0.0,0,0.0,0,0,0.0,0,0,0,0,0,0.0,0,0,0,0.0,0,0,0,0,0,0.0,0,0,0.0,0,0.0,0,0.0,0.0,0.0,0,0,1
chutedesrégimescommunisteseneurope,0,0,0.0,0.0,0,0.0,0,0.0,0,0,0.0,0,0.0,0,0,0,0.0,0.0,0.0,0,0,0,0.0,0,0,0,0,0.0,0.0,0,0.0,0,0.0,0,0,0.0,0,0,0,0,0,0.0,0,0,0,0.0,0,0,0,0,0,0.0,0,0,0.0,0,0.0,0,0.0,0.0,0.0,0,0,1
histoire,207,0,0.004734848484848485,0.2727272727272727,336,0.022727272727272728,204,0.0006313131313131314,9,0,0.015151515151515152,10,0.024936868686868688,143,1975,187,0.1691919191919192,0.04011209873747382,0.023042929292929292,194,3,101,0.008207070707070708,6,101,46,336,0.38416650457109514,0.030303030303030304,343,164.61764705882354,1574,0.005366161616161616,88,15,0.02462121212121212,203,0,514,0,1,0.0,105,5141,10,0.005366161616161616,235,16,0,18,1785,0.3472087142579265,294,13,5.014705882352941,6,0.2951388888888889,99,0.08933080808080808,0.0,0.013257575757575758,22,200,1
civilisation,90,0,0.010211027910142955,0.30428863172226006,184,0.023825731790333562,93,0.0006807351940095302,2,0,0.02314499659632403,5,0.02654867256637168,66,905,85,0.18720217835262082,0.03250015505799169,0.02859087814840027,90,4,50,0.010211027910142955,1,50,20,184,0.3815345699831366,0.03403675970047652,154,165.79569892473117,873,0.002722940776038121,56,15,0.02722940776038121,127,0,261,0,1,0.0,65,2372,2,0.002722940776038121,134,6,0,16,998,0.42074198988195616,155,12,4.752688172043011,0,0.22872702518720217,54,0.08168822328114364,0.0,0.018379850238257316,14,91,1
histoiredumonde,0,0,0.0,0.0,0,0.0,0,0.0,0,0,0.0,0,0.0,0,0,0,0.0,0.0,0.0,0,0,0,0.0,0,0,0,0,0.0,0.0,0,0.0,0,0.0,0,0,0.0,0,0,0,0,0,0.0,0,0,0,0.0,0,0,0,0,0,0.0,0,0,0.0,0,0.0,0,0.0,0.0,0.0,0,0,1
histoiredelafrique,0,0,0.0,0.0,0,0.0,0,0.0,0,0,0.0,0,0.0,0,0,0,0.0,0.0,0.0,0,0,0,0.0,0,0,0,0,0.0,0.0,0,0.0,0,0.0,0,0,0.0,0,0,0,0,0,0.0,0,0,0,0.0,0,0,0,0,0,0.0,0,0,0.0,0,0.0,0,0.0,0.0,0.0,0,0,1
histoiredelamérique,0,0,0.0,0.0,0,0.0,0,0.0,0,0,0.0,0,0.0,0,0,0,0.0,0.0,0.0,0,0,0,0.0,0,0,0,0,0.0,0.0,0,0.0,0,0.0,0,0,0.0,0,0,0,0,0,0.0,0,0,0,0.0,0,0,0,0,0,0.0,0,0,0.0,0,0.0,0,0.0,0.0,0.0,0,0,1
histoiredelachine,0,0,0.0,0.0,0,0.0,0,0.0,0,0,0.0,0,0.0,0,0,0,0.0,0.0,0.0,0,0,0,0.0,0,0,0,0,0.0,0.0,0,0.0,0,0.0,0,0,0.0,0,0,0,0,0,0.0,0,0,0,0.0,0,0,0,0,0,0.0,0,0,0.0,0,0.0,0,0.0,0.0,0.0,0,0,1
histoiredeleurope,0,0,0.0,0.0,0,0.0,0,0.0,0,0,0.0,0,0.0,0,0,0,0.0,0.0,0.0,0,0,0,0.0,0,0,0,0,0.0,0.0,0,0.0,0,0.0,0,0,0.0,0,0,0,0,0,0.0,0,0,0,0.0,0,0,0,0,0,0.0,0,0,0.0,0,0.0,0,0.0,0.0,0.0,0,0,1
histoiredelinde,0,0,0.0,0.0,0,0.0,0,0.0,0,0,0.0,0,0.0,0,0,0,0.0,0.0,0.0,0,0,0,0.0,0,0,0,0,0.0,0.0,0,0.0,0,0.0,0,0,0.0,0,0,0,0,0,0.0,0,0,0,0.0,0,0,0,0,0,0.0,0,0,0.0,0,0.0,0,0.0,0.0,0.0,0,0,1
histoiredujapon,0,0,0.0,0.0,0,0.0,0,0.0,0,0,0.0,0,0.0,0,0,0,0.0,0.0,0.0,0,0,0,0.0,0,0,0,0,0.0,0.0,0,0.0,0,0.0,0,0,0.0,0,0,0,0,0,0.0,0,0,0,0.0,0,0,0,0,0,0.0,0,0,0.0,0,0.0,0,0.0,0.0,0.0,0,0,1
histoiredumoyenorient,0,0,0.0,0.0,0,0.0,0,0.0,0,0,0.0,0,0.0,0,0,0,0.0,0.0,0.0,0,0,0,0.0,0,0,0,0,0.0,0.0,0,0.0,0,0.0,0,0,0.0,0,0,0,0,0,0.0,0,0,0,0.0,0,0,0,0,0,0.0,0,0,0.0,0,0.0,0,0.0,0.0,0.0,0,0,1
histoiredesétatsunis,0,0,0.0,0.0,0,0.0,0,0.0,0,0,0.0,0,0.0,0,0,0,0.0,0.0,0.0,0,0,0,0.0,0,0,0,0,0.0,0.0,0,0.0,0,0.0,0,0,0.0,0,0,0,0,0,0.0,0,0,0,0.0,0,0,0,0,0,0.0,0,0,0.0,0,0.0,0,0.0,0.0,0.0,0,0,1
